USE [LIVRO];


-- ********** EDITORE ********** --


 INSERT INTO EDITORA (CODIGO_EDITORA,NOME_EDITORA,ENDEREÇO,TELEFONE,E_MAIL,URL)
 VALUES ( 1, 'PUC Minas', 'caminho 34',82-21345456,'pucminas@gmail.com','https://www.pucminas.eu.br');

 INSERT INTO EDITORA (CODIGO_EDITORA,NOME_EDITORA,ENDEREÇO,TELEFONE,E_MAIL,URL)
 VALUES ( 2, 'PUC edusp', 'caminho 35',82-21435565,'pucedusp@gmail.com','https://www.pucedusp.eu.br');

 INSERT INTO EDITORA (CODIGO_EDITORA,NOME_EDITORA,ENDEREÇO,TELEFONE,E_MAIL,URL)
 VALUES ( 3, 'Ennablume Fapesp', 'caminho 36',82-43345676,'Annablumefp@gmail.com','https://www.annafapesp.eu.br' );

 INSERT INTO EDITORA (CODIGO_EDITORA,NOME_EDITORA,ENDEREÇO,TELEFONE,E_MAIL,URL)
 VALUES ( 4, 'Boitempo', 'caminho 37',82-34221256,'boitempo@gmail.com','https://www.boitempo.eu.br' );

 INSERT INTO EDITORA (CODIGO_EDITORA,NOME_EDITORA,ENDEREÇO,TELEFONE,E_MAIL,URL)
 VALUES ( 5, 'VOZES', 'caminho 38',82-65778656,'Vozes_editora@gmail.com','https://www.edvozes.eu.br' );

 INSERT INTO EDITORA (CODIGO_EDITORA,NOME_EDITORA,ENDEREÇO,TELEFONE,E_MAIL,URL)
 VALUES ( 6, 'Unesp', 'caminho 39',82-4332213,'unespp@gmail.com','https://www.unesp.eu.br' );

 INSERT INTO EDITORA (CODIGO_EDITORA,NOME_EDITORA,ENDEREÇO,TELEFONE,E_MAIL,URL)
 VALUES ( 7, 'Bertrand Brasil', 'caminho 40',82-35677456,'bertrands@gmail.com','https://www.ber-trand.eu.br' );

 INSERT INTO EDITORA (CODIGO_EDITORA,NOME_EDITORA,ENDEREÇO,TELEFONE,E_MAIL,URL)
 VALUES ( 8, 'Autores Associados', 'caminho 41',82-36245655,'autoresassociados@gmail.com','https://www.autoresassociados.eu.br' );

 INSERT INTO EDITORA (CODIGO_EDITORA,NOME_EDITORA,ENDEREÇO,TELEFONE,E_MAIL,URL)
 VALUES ( 9, 'Senac Rio', 'caminho 42',82-39009870,'senacrio@gmail.com','https://www.senacrj.eu.br' );

 INSERT INTO EDITORA (CODIGO_EDITORA,NOME_EDITORA,ENDEREÇO,TELEFONE,E_MAIL,URL)
 VALUES ( 10, 'FEME', 'caminho 43',82-43345456,'feme@gmail.com','https://www.editorafeme.eu.br' );
/*
 INSERT INTO EDITORA (CODIGO_EDITORA,NOME_EDITORA,ENDEREÇO,TELEFONE,E_MAIL,URL)
 VALUES ( 11, 'Unicentro', 'caminho 44',71-23764545,'unicenter@gmail.com','https://www.unicentroediter.eu.br' );

 INSERT INTO EDITORA (CODIGO_EDITORA,NOME_EDITORA,ENDEREÇO,TELEFONE,E_MAIL,URL)
 VALUES ( 12, 'Expressão Popular', 'Rua 45 do Canal',71-36279890,'expopular@gmail.com','https://www.expressaopopular.eu.br' );

 INSERT INTO EDITORA (CODIGO_EDITORA,NOME_EDITORA,ENDEREÇO,TELEFONE,E_MAIL,URL)
 VALUES ( 13, 'Contexto', 'Rua 46 do Canal',71-36279000,'contextoed@gmail.com','https://www.edcontexto.eu.br' );

 INSERT INTO EDITORA (CODIGO_EDITORA,NOME_EDITORA,ENDEREÇO,TELEFONE,E_MAIL,URL)
 VALUES ( 14, 'Ricardo Freitas Novais', 'Rua 47 do Canal',71-36279007,'ricfrenov3@gmail.com','https://www.ricardonovais.com.br' );

 INSERT INTO EDITORA (CODIGO_EDITORA,NOME_EDITORA,ENDEREÇO,TELEFONE,E_MAIL,URL)
 VALUES ( 15, 'FASE', 'Rua 48 do Canal',71-36279090,'faseed@gmail.com','https://www.editerfase.eu.br' );

 INSERT INTO EDITORA (CODIGO_EDITORA,NOME_EDITORA,ENDEREÇO,TELEFONE,E_MAIL,URL)
 VALUES ( 16, 'Prol Editora Grafica LTDA', 'Rua 49 do Canal',71-36278090,'proltda@gmail.com','https://www.proleditora.eu.br' );

 INSERT INTO EDITORA (CODIGO_EDITORA,NOME_EDITORA,ENDEREÇO,TELEFONE,E_MAIL,URL)
 VALUES ( 17, 'Thex Ed.: Biblioteca Estácio de Sá', 'Rua 50 do Canal',71-32279890,'thexsa@gmail.com','https://www.thexdesa.eu.br' );

 INSERT INTO EDITORA (CODIGO_EDITORA,NOME_EDITORA,ENDEREÇO,TELEFONE,E_MAIL,URL)
 VALUES ( 18, 'ateliê', 'Rua 51 do Canal',71-46279891,'atelie@gmail.com','https://www.atelieeditora.eu.br' );

 INSERT INTO EDITORA (CODIGO_EDITORA,NOME_EDITORA,ENDEREÇO,TELEFONE,E_MAIL,URL)
 VALUES ( 19, 'Oficina de Textos', 'Rua 52 do Canal',71-45279190,'ofctexto@gmail.com','https://www.oficinadetexto.eu.br' );

 INSERT INTO EDITORA (CODIGO_EDITORA,NOME_EDITORA,ENDEREÇO,TELEFONE,E_MAIL,URL)
 VALUES ( 20, 'Universidade de São Paulo', 'Rua 53 do Canal',71-99279890,'unisp@gmail.com','https://www.editoraunisp.eu.br' );

 INSERT INTO EDITORA (CODIGO_EDITORA,NOME_EDITORA,ENDEREÇO,TELEFONE,E_MAIL,URL)
 VALUES ( 21, 'Consejo Latinoamericano de Ciências Sociales', NULL,21-74279890,NULL,'https://www.consejolatinamerican.eu.br' );

 INSERT INTO EDITORA (CODIGO_EDITORA,NOME_EDITORA,ENDEREÇO,TELEFONE,E_MAIL,URL)
 VALUES ( 22, 'EDUSC', 'Quadra 1',21-16279990,'edusc@gmail.com','https://www.edusceditora.eu.br' );

 INSERT INTO EDITORA (CODIGO_EDITORA,NOME_EDITORA,ENDEREÇO,TELEFONE,E_MAIL,URL)
 VALUES ( 23, 'UFPE', 'Quadra 11',21-27279890,'ufpe@gmail.com','https://www.ufpe.edi.br' );

 INSERT INTO EDITORA (CODIGO_EDITORA,NOME_EDITORA,ENDEREÇO,TELEFONE,E_MAIL,URL)
 VALUES ( 24, 'Ática', 'Quadra 21',21-33457989,'aticaedu@gmail.com','https://www.aticaedu.edi.br' );

 INSERT INTO EDITORA (CODIGO_EDITORA,NOME_EDITORA,ENDEREÇO,TELEFONE,E_MAIL,URL)
 VALUES ( 25, 'Hucitec', 'Quadra 31',21-40279898,'hucitecec@gmail.com','https://www.hucitec.com.br' );

 INSERT INTO EDITORA (CODIGO_EDITORA,NOME_EDITORA,ENDEREÇO,TELEFONE,E_MAIL,URL)
 VALUES ( 26, 'Instituro José Luís e Rosa Sundermann', 'Quadra 41',21-20079890,'sundermann@gmail.com','https://www.instsundermann.ed.br' );

 INSERT INTO EDITORA (CODIGO_EDITORA,NOME_EDITORA,ENDEREÇO,TELEFONE,E_MAIL,URL)
 VALUES ( 27, 'Brasiliense', 'Quadra 51',21-46897989,'barsiliensedi@gmail.com','https://www.editorabrasiliense.com.br' );

 INSERT INTO EDITORA (CODIGO_EDITORA,NOME_EDITORA,ENDEREÇO,TELEFONE,E_MAIL,URL)
 VALUES ( 28, 'Difusão Européia do Livro', 'Quadra 61',21-20079899,'difusionaeuro@gmail.com','https://www.difusaoeurolivro.com.eu' );

 INSERT INTO EDITORA (CODIGO_EDITORA,NOME_EDITORA,ENDEREÇO,TELEFONE,E_MAIL,URL)
 VALUES ( 29, 'Abril Cultura', 'Quadra 71',21-98279890,'abrilcult@gmail.com','https://www.abrilcultura.eo.br' );

 INSERT INTO EDITORA (CODIGO_EDITORA,NOME_EDITORA,ENDEREÇO,TELEFONE,E_MAIL,URL)
 VALUES ( 30, 'Global', 'Quadra 81',21-99279811,'globaledit@gmail.com','https://www.globaleditoraa.com.br' );

 INSERT INTO EDITORA (CODIGO_EDITORA,NOME_EDITORA,ENDEREÇO,TELEFONE,E_MAIL,URL)
 VALUES ( 31, 'Lamparina', 'Estrada 0',41-88279890,'lamparina@gmail.com','https://www.lamparinaeditorial.eo.br' );

 INSERT INTO EDITORA (CODIGO_EDITORA,NOME_EDITORA,ENDEREÇO,TELEFONE,E_MAIL,URL)
 VALUES ( 32, 'ECA', 'Estrada 01',41-86279110,'eca@gmail.com','https://www.editoraeca.com.br' );

 INSERT INTO EDITORA (CODIGO_EDITORA,NOME_EDITORA,ENDEREÇO,TELEFONE,E_MAIL,URL)
 VALUES ( 33, 'EDUSP', 'Estrada 02',41-87299999,'edusp@gmail.com','https://www.eduspedit.com.br' );

 INSERT INTO EDITORA (CODIGO_EDITORA,NOME_EDITORA,ENDEREÇO,TELEFONE,E_MAIL,URL)
 VALUES ( 34, 'Loyola', 'Estrada 03',41-86999112,'loyola@gmail.com','https://www.loyola.com.br' );

 INSERT INTO EDITORA (CODIGO_EDITORA,NOME_EDITORA,ENDEREÇO,TELEFONE,E_MAIL,URL)
 VALUES ( 35, 'Papirus', 'Estrada 04',41-99279110,'papiruss@gmail.com','https://www.papiruseditora.com.br' );

 INSERT INTO EDITORA (CODIGO_EDITORA,NOME_EDITORA,ENDEREÇO,TELEFONE,E_MAIL,URL)
 VALUES ( 36, 'Martins Fontes', 'Estrada 05',41-21212325,'martinsfontes@gmail.com','https://www.martinseditora.com.br' );

 INSERT INTO EDITORA (CODIGO_EDITORA,NOME_EDITORA,ENDEREÇO,TELEFONE,E_MAIL,URL)
 VALUES ( 37, 'UFSM', 'Estrada 06',41-12002325,'ufsm@gmail.com','https://www.editoraufsm.com.br' );
 */

 -- ********** AUTOR ********** --

 
 INSERT INTO AUTOR (CODIGO_AUTOR,NOME_AUTOR)
 VALUES ( 1, 'Erika de Castro');

 INSERT INTO AUTOR (CODIGO_AUTOR,NOME_AUTOR)
 VALUES ( 2, 'Macieh John');

 INSERT INTO AUTOR (CODIGO_AUTOR,NOME_AUTOR)
 VALUES ( 3, 'wojciechowski');

 INSERT INTO AUTOR (CODIGO_AUTOR,NOME_AUTOR)
 VALUES ( 4, 'Heitor Frugoli Jr.');

 INSERT INTO AUTOR (CODIGO_AUTOR,NOME_AUTOR)
 VALUES ( 5, 'Adriano Botelho');
 /*
 INSERT INTO AUTOR (CODIGO_AUTOR,NOME_AUTOR)
 VALUES ( 6, 'Mike Davis');

 INSERT INTO AUTOR (CODIGO_AUTOR,NOME_AUTOR)
 VALUES ( 7, 'Carlos Veiner');

 INSERT INTO AUTOR (CODIGO_AUTOR,NOME_AUTOR)
 VALUES ( 8, 'Marcelo Lopes de Souza');

 INSERT INTO AUTOR (CODIGO_AUTOR,NOME_AUTOR)
 VALUES ( 9, 'Paula da Cruz Landim');

 INSERT INTO AUTOR (CODIGO_AUTOR,NOME_AUTOR)
 VALUES ( 10, 'Paulo César da Costa Gomes');

 INSERT INTO AUTOR (CODIGO_AUTOR,NOME_AUTOR)
 VALUES ( 11, 'José Eli d Veiga');

 INSERT INTO AUTOR (CODIGO_AUTOR,NOME_AUTOR)
 VALUES ( 12, 'Jailson de Souza e Silva');

 INSERT INTO AUTOR (CODIGO_AUTOR,NOME_AUTOR)
 VALUES ( 13, 'Millene Millen');

 INSERT INTO AUTOR (CODIGO_AUTOR,NOME_AUTOR)
 VALUES ( 14, 'Marquina de Freitas Vilas Boas Gomes');

 INSERT INTO AUTOR (CODIGO_AUTOR,NOME_AUTOR)
 VALUES ( 15, 'Eliseu Savério Sposito');

 INSERT INTO AUTOR (CODIGO_AUTOR,NOME_AUTOR)
 VALUES ( 16, 'Maria Encarnação Beltrão Sposito');

 INSERT INTO AUTOR (CODIGO_AUTOR,NOME_AUTOR)
 VALUES ( 17, 'Arlete Moysés Rodrigues');

 INSERT INTO AUTOR (CODIGO_AUTOR,NOME_AUTOR)
 VALUES ( 18, 'Movimento Nacional da Luta');

 INSERT INTO AUTOR (CODIGO_AUTOR,NOME_AUTOR)
 VALUES ( 19, 'Pela Moradia');

 INSERT INTO AUTOR (CODIGO_AUTOR,NOME_AUTOR)
 VALUES ( 20, 'Haroldo Abreu');

 INSERT INTO AUTOR (CODIGO_AUTOR,NOME_AUTOR)
 VALUES ( 21, 'Elzira Arantes');

 INSERT INTO AUTOR (CODIGO_AUTOR,NOME_AUTOR)
 VALUES ( 22, 'Frederico Eugênio Moraes');

 INSERT INTO AUTOR (CODIGO_AUTOR,NOME_AUTOR)
 VALUES ( 23, 'Aziz AbSaber');

 INSERT INTO AUTOR (CODIGO_AUTOR,NOME_AUTOR)
 VALUES ( 24, 'Paulo Roberto Fitz');

 INSERT INTO AUTOR (CODIGO_AUTOR,NOME_AUTOR)
 VALUES ( 25, 'Cristhiane da Silva Ramos');

 INSERT INTO AUTOR (CODIGO_AUTOR,NOME_AUTOR)
 VALUES ( 26, 'Richard J. Chorley');

 INSERT INTO AUTOR (CODIGO_AUTOR,NOME_AUTOR)
 VALUES ( 27, 'Amalia Inés Geraiges de Lemos');

 INSERT INTO AUTOR (CODIGO_AUTOR,NOME_AUTOR)
 VALUES ( 28, 'Roberto C. Boullón');

 INSERT INTO AUTOR (CODIGO_AUTOR,NOME_AUTOR)
 VALUES ( 29, 'Alcino José de Sá');

 INSERT INTO AUTOR (CODIGO_AUTOR,NOME_AUTOR)
 VALUES ( 30, 'Nelson de Castro Senra');

 INSERT INTO AUTOR (CODIGO_AUTOR,NOME_AUTOR)
 VALUES ( 31, 'Armando Corrêa da Silva');

 INSERT INTO AUTOR (CODIGO_AUTOR,NOME_AUTOR)
 VALUES ( 32, 'Friedrich Engels');

 INSERT INTO AUTOR (CODIGO_AUTOR,NOME_AUTOR)
 VALUES ( 33, 'Carlos Reinaldo Mendes Ribeiro');

 INSERT INTO AUTOR (CODIGO_AUTOR,NOME_AUTOR)
 VALUES ( 34, 'Ruy Moreira');

 INSERT INTO AUTOR (CODIGO_AUTOR,NOME_AUTOR)
 VALUES ( 35, 'Pierre George');

 INSERT INTO AUTOR (CODIGO_AUTOR,NOME_AUTOR)
 VALUES ( 36, 'Giovanni Arrighi');

 INSERT INTO AUTOR (CODIGO_AUTOR,NOME_AUTOR)
 VALUES ( 37, 'Vladimir Llitch Lênin');

 INSERT INTO AUTOR (CODIGO_AUTOR,NOME_AUTOR)
 VALUES ( 38, 'Maria do Pilar de Araújo Vieira');

 INSERT INTO AUTOR (CODIGO_AUTOR,NOME_AUTOR)
 VALUES ( 39, 'Augustin Gueva');

 INSERT INTO AUTOR (CODIGO_AUTOR,NOME_AUTOR)
 VALUES ( 40, 'Milton Santos');

 INSERT INTO AUTOR (CODIGO_AUTOR,NOME_AUTOR)
 VALUES ( 41, 'Cremilda Media');
 
 INSERT INTO AUTOR (CODIGO_AUTOR,NOME_AUTOR)
 VALUES ( 42, 'David Harvey');
 
 INSERT INTO AUTOR (CODIGO_AUTOR,NOME_AUTOR)
 VALUES ( 43, 'Douglas Santos');
   
 INSERT INTO AUTOR (CODIGO_AUTOR,NOME_AUTOR)
 VALUES ( 44, 'Ricardo Freitas Novais');
  
 INSERT INTO AUTOR (CODIGO_AUTOR,NOME_AUTOR)
 VALUES ( 45, 'Manuel Corrêa de Andrade');

 INSERT INTO AUTOR (CODIGO_AUTOR,NOME_AUTOR)
 VALUES ( 46, 'Wayne C. Booth');
  
 INSERT INTO AUTOR (CODIGO_AUTOR,NOME_AUTOR)
 VALUES ( 47, 'Gregory G');
  
 INSERT INTO AUTOR (CODIGO_AUTOR,NOME_AUTOR)
 VALUES ( 48, 'Colomb');
  
 INSERT INTO AUTOR (CODIGO_AUTOR,NOME_AUTOR)
 VALUES ( 49, 'Joseph M. Williams');
  
 INSERT INTO AUTOR (CODIGO_AUTOR,NOME_AUTOR)
 VALUES ( 50, 'Rodrigo A. de Paiva Duarte');
  
 INSERT INTO AUTOR (CODIGO_AUTOR,NOME_AUTOR)
 VALUES ( 51, 'Yves Lacoste');

 INSERT INTO AUTOR (CODIGO_AUTOR,NOME_AUTOR)
 VALUES ( 52, 'Antônio Francisco Guerreiro Zibordi');
 */

 -- ********** CATEGORIA ********** --

 INSERT INTO CATEGORIA (CODIGO_CATEGORIA, NOME_CATEGORIA)
 VALUES (1,'Agropecuária' );

 INSERT INTO CATEGORIA (CODIGO_CATEGORIA, NOME_CATEGORIA)
 VALUES (2,'Antologia' );

 INSERT INTO CATEGORIA (CODIGO_CATEGORIA, NOME_CATEGORIA)
 VALUES (3,'Aaudiobook' );

 INSERT INTO CATEGORIA (CODIGO_CATEGORIA, NOME_CATEGORIA)
 VALUES (4,'Autoajuda' );

 INSERT INTO CATEGORIA (CODIGO_CATEGORIA, NOME_CATEGORIA)
 VALUES (5,'Aventura' );
 /*
 INSERT INTO CATEGORIA (CODIGO_CATEGORIA, NOME_CATEGORIA)
 VALUES (6,'Biográfico' );

 INSERT INTO CATEGORIA (CODIGO_CATEGORIA, NOME_CATEGORIA)
 VALUES (7,'Cientifico' );

 INSERT INTO CATEGORIA (CODIGO_CATEGORIA, NOME_CATEGORIA)
 VALUES (8,'Contos' );

 INSERT INTO CATEGORIA (CODIGO_CATEGORIA, NOME_CATEGORIA)
 VALUES (9,'Crônicas' );

 INSERT INTO CATEGORIA (CODIGO_CATEGORIA, NOME_CATEGORIA)
 VALUES (10,'Didáticos' );

 INSERT INTO CATEGORIA (CODIGO_CATEGORIA, NOME_CATEGORIA)
 VALUES (11,'Épicos' );

 INSERT INTO CATEGORIA (CODIGO_CATEGORIA, NOME_CATEGORIA)
 VALUES (12,'Fantasia' );

 INSERT INTO CATEGORIA (CODIGO_CATEGORIA, NOME_CATEGORIA)
 VALUES (13,'Ficção Cientifica' );

 INSERT INTO CATEGORIA (CODIGO_CATEGORIA, NOME_CATEGORIA)
 VALUES (14,'Ficção Historica' );

 INSERT INTO CATEGORIA (CODIGO_CATEGORIA, NOME_CATEGORIA)
 VALUES (15,'Guia de Viagem' );

 INSERT INTO CATEGORIA (CODIGO_CATEGORIA, NOME_CATEGORIA)
 VALUES (16,'Horror' );

 INSERT INTO CATEGORIA (CODIGO_CATEGORIA, NOME_CATEGORIA)
 VALUES (17,'Infantojuvenil' );

 INSERT INTO CATEGORIA (CODIGO_CATEGORIA, NOME_CATEGORIA)
 VALUES (18,'Manual' );

 INSERT INTO CATEGORIA (CODIGO_CATEGORIA, NOME_CATEGORIA)
 VALUES (19,'Momória' );

 INSERT INTO CATEGORIA (CODIGO_CATEGORIA, NOME_CATEGORIA)
 VALUES (20,'Natal' );

 INSERT INTO CATEGORIA (CODIGO_CATEGORIA, NOME_CATEGORIA)
 VALUES (21,'Poesia' );

 INSERT INTO CATEGORIA (CODIGO_CATEGORIA, NOME_CATEGORIA)
 VALUES (22,'Politica' );

 INSERT INTO CATEGORIA (CODIGO_CATEGORIA, NOME_CATEGORIA)
 VALUES (23,'Propaganda' );

 INSERT INTO CATEGORIA (CODIGO_CATEGORIA, NOME_CATEGORIA)
 VALUES (24,'Marketing' );

 INSERT INTO CATEGORIA (CODIGO_CATEGORIA, NOME_CATEGORIA)
 VALUES (25,'Romance' );

 */

 -- ********** LIVRO ********** --
 
  
 INSERT INTO LIVRO (CODIGO_LIVRO, 
					CODIGO_CATEGORIA,
					NOME_LIVRO,
					PRECO,
					QUANTIDADE_EXEMPLAR)
 VALUES (1,1,'Inclusao',150.00,1 );

 INSERT INTO LIVRO (CODIGO_LIVRO, CODIGO_CATEGORIA,NOME_LIVRO,PRECO,DATA_PUBLICACAO,QUANTIDADE_EXEMPLAR)
 VALUES (2,5,'As Cidades e seus agentes práticos e representações',100.00,'1990/10/11',110);

 INSERT INTO LIVRO (CODIGO_LIVRO, CODIGO_CATEGORIA,NOME_LIVRO,PRECO,DATA_PUBLICACAO,QUANTIDADE_EXEMPLAR)
 VALUES (3,2,'O Urbano em Fragmentos-a produção do espaço e da moradia',98.00,'1970/11/01',1 );

 INSERT INTO LIVRO (CODIGO_LIVRO, CODIGO_CATEGORIA,NOME_LIVRO,PRECO,QUANTIDADE_EXEMPLAR)
 VALUES (5,3,' Favela',85.00,1 );

 INSERT INTO LIVRO (CODIGO_LIVRO, CODIGO_CATEGORIA,NOME_LIVRO,PRECO,QUANTIDADE_EXEMPLAR)
 VALUES (6,4,' Java Script ',385.00,120 );

 INSERT INTO LIVRO (CODIGO_LIVRO, CODIGO_CATEGORIA,NOME_LIVRO,PRECO,DATA_PUBLICACAO,QUANTIDADE_EXEMPLAR)
 VALUES (7,5,'Planejamento urbano e ativismos sociais',45.00,'1976/07/22',50 );

 INSERT INTO LIVRO (CODIGO_LIVRO, CODIGO_CATEGORIA,NOME_LIVRO,PRECO,DATA_PUBLICACAO,QUANTIDADE_EXEMPLAR)
 VALUES (4,2,'Desenho de paisagem urbana - as cidades do interior paulista',50.00,'1976/07/22',1 );
/*
 INSERT INTO LIVRO (CODIGO_LIVRO, CODIGO_CATEGORIA,NOME_LIVRO,PRECO,DATA_PUBLICACAO,QUANTIDADE_EXEMPLAR)
 VALUES (8,19,'A Condição Urbana e ativismos sociais',15.00,'1996/09/02',2 );

 INSERT INTO LIVRO (CODIGO_LIVRO, CODIGO_CATEGORIA,NOME_LIVRO,PRECO,DATA_PUBLICACAO,QUANTIDADE_EXEMPLAR)
 VALUES (9,25,'Coração de Tinta',150.00,'1980/10/03',1 );

 INSERT INTO LIVRO (CODIGO_LIVRO, CODIGO_CATEGORIA,NOME_LIVRO,PRECO,DATA_PUBLICACAO,QUANTIDADE_EXEMPLAR)
 VALUES (10,5,'Jurubeba',100.00,'1990/10/11',1 );

 INSERT INTO LIVRO (CODIGO_LIVRO, CODIGO_CATEGORIA,NOME_LIVRO,PRECO,DATA_PUBLICACAO,QUANTIDADE_EXEMPLAR)
 VALUES (11,7,' O Razr no sec. XXI',98.00,'1970/11/01',1 );

 INSERT INTO LIVRO (CODIGO_LIVRO, CODIGO_CATEGORIA,NOME_LIVRO,PRECO,DATA_PUBLICACAO,QUANTIDADE_EXEMPLAR)
 VALUES (12,9,'O senhor dos aneis-O Retorno',85.00,'2001/05/04',1 );

 INSERT INTO LIVRO (CODIGO_LIVRO, CODIGO_CATEGORIA,NOME_LIVRO,PRECO,DATA_PUBLICACAO,QUANTIDADE_EXEMPLAR)
 VALUES (13,19,'Harry Potter',77.00,'2009/07/14',4 );

 INSERT INTO LIVRO (CODIGO_LIVRO, CODIGO_CATEGORIA,NOME_LIVRO,PRECO,DATA_PUBLICACAO,QUANTIDADE_EXEMPLAR)
 VALUES (14,4,'Coisas Simples',45.00,'1976/07/22',1 );

 INSERT INTO LIVRO (CODIGO_LIVRO, CODIGO_CATEGORIA,NOME_LIVRO,PRECO,DATA_PUBLICACAO,QUANTIDADE_EXEMPLAR)
 VALUES (15,14,'Lagrimas do Sol',50.00,'1976/07/22',1 );

 INSERT INTO LIVRO (CODIGO_LIVRO, CODIGO_CATEGORIA,NOME_LIVRO,PRECO,DATA_PUBLICACAO,QUANTIDADE_EXEMPLAR)
 VALUES (16,12,'Socionalidade',15.00,'1996/09/02',2 );
 */

-- ********** LIVRO_EDITORA ********** --

INSERT INTO LIVRO_EDITORA ( CODIGO_EDITORA, CODIGO_LIVRO)
VALUES (1,1);

INSERT INTO LIVRO_EDITORA ( CODIGO_EDITORA, CODIGO_LIVRO)
VALUES (1,2);

INSERT INTO LIVRO_EDITORA ( CODIGO_EDITORA, CODIGO_LIVRO)
VALUES (7,1);

INSERT INTO LIVRO_EDITORA ( CODIGO_EDITORA, CODIGO_LIVRO)
VALUES (3,4);

INSERT INTO LIVRO_EDITORA ( CODIGO_EDITORA, CODIGO_LIVRO)
VALUES (4,5);

INSERT INTO LIVRO_EDITORA ( CODIGO_EDITORA, CODIGO_LIVRO)
VALUES (5,6);

INSERT INTO LIVRO_EDITORA ( CODIGO_EDITORA, CODIGO_LIVRO)
VALUES (6,7);
/*
INSERT INTO LIVRO_EDITORA ( CODIGO_EDITORA, CODIGO_LIVRO)
VALUES (8,5);

INSERT INTO LIVRO_EDITORA ( CODIGO_EDITORA, CODIGO_LIVRO)
VALUES (9,2);

INSERT INTO LIVRO_EDITORA ( CODIGO_EDITORA, CODIGO_LIVRO)
VALUES (9,10);

INSERT INTO LIVRO_EDITORA ( CODIGO_EDITORA, CODIGO_LIVRO)
VALUES (10,11);

INSERT INTO LIVRO_EDITORA ( CODIGO_EDITORA, CODIGO_LIVRO)
VALUES (11,12);

INSERT INTO LIVRO_EDITORA ( CODIGO_EDITORA, CODIGO_LIVRO)
VALUES (12,13);

INSERT INTO LIVRO_EDITORA ( CODIGO_EDITORA, CODIGO_LIVRO)
VALUES (13,14);

INSERT INTO LIVRO_EDITORA ( CODIGO_EDITORA, CODIGO_LIVRO)
VALUES (14,15);

INSERT INTO LIVRO_EDITORA ( CODIGO_EDITORA, CODIGO_LIVRO)
VALUES (15,16);

INSERT INTO LIVRO_EDITORA ( CODIGO_EDITORA, CODIGO_LIVRO)
VALUES (7,12);

INSERT INTO LIVRO_EDITORA ( CODIGO_EDITORA, CODIGO_LIVRO)
VALUES (2,14);

INSERT INTO LIVRO_EDITORA ( CODIGO_EDITORA, CODIGO_LIVRO)
VALUES (5,10);

INSERT INTO LIVRO_EDITORA ( CODIGO_EDITORA, CODIGO_LIVRO)
VALUES (8,7);

INSERT INTO LIVRO_EDITORA ( CODIGO_EDITORA, CODIGO_LIVRO)
VALUES (3,6);

INSERT INTO LIVRO_EDITORA ( CODIGO_EDITORA, CODIGO_LIVRO)
VALUES (4,9);

INSERT INTO LIVRO_EDITORA ( CODIGO_EDITORA, CODIGO_LIVRO)
VALUES (9,11);

INSERT INTO LIVRO_EDITORA ( CODIGO_EDITORA, CODIGO_LIVRO)
VALUES (10,4);

INSERT INTO LIVRO_EDITORA ( CODIGO_EDITORA, CODIGO_LIVRO)
VALUES (7,7);

INSERT INTO LIVRO_EDITORA ( CODIGO_EDITORA, CODIGO_LIVRO)
VALUES (5,2);
*/
-- ********** LIVRO_AUTOR ********** --

INSERT INTO LIVRO_AUTOR ( CODIGO_AUTOR, CODIGO_LIVRO)
VALUES (1,1);

INSERT INTO LIVRO_AUTOR ( CODIGO_AUTOR, CODIGO_LIVRO)
VALUES (1,2);

INSERT INTO LIVRO_AUTOR ( CODIGO_AUTOR, CODIGO_LIVRO)
VALUES (2,1);

INSERT INTO LIVRO_AUTOR ( CODIGO_AUTOR, CODIGO_LIVRO)
VALUES (3,2);

INSERT INTO LIVRO_AUTOR ( CODIGO_AUTOR, CODIGO_LIVRO)
VALUES (5,2);

INSERT INTO LIVRO_AUTOR ( CODIGO_AUTOR, CODIGO_LIVRO)
VALUES (4,6);
/*
INSERT INTO LIVRO_AUTOR ( CODIGO_AUTOR, CODIGO_LIVRO)
VALUES (6,4);

INSERT INTO LIVRO_AUTOR ( CODIGO_AUTOR, CODIGO_LIVRO)
VALUES (7,5);

INSERT INTO LIVRO_AUTOR ( CODIGO_AUTOR, CODIGO_LIVRO)
VALUES (8,6);

INSERT INTO LIVRO_AUTOR ( CODIGO_AUTOR, CODIGO_LIVRO)
VALUES (9,7);

INSERT INTO LIVRO_AUTOR ( CODIGO_AUTOR, CODIGO_LIVRO)
VALUES (10,8);

INSERT INTO LIVRO_AUTOR ( CODIGO_AUTOR, CODIGO_LIVRO)
VALUES (11,9);

INSERT INTO LIVRO_AUTOR ( CODIGO_AUTOR, CODIGO_LIVRO)
VALUES (12,10);

INSERT INTO LIVRO_AUTOR ( CODIGO_AUTOR, CODIGO_LIVRO)
VALUES (13,11);

INSERT INTO LIVRO_AUTOR ( CODIGO_AUTOR, CODIGO_LIVRO)
VALUES (14,12);

INSERT INTO LIVRO_AUTOR ( CODIGO_AUTOR, CODIGO_LIVRO)
VALUES (15,13);

INSERT INTO LIVRO_AUTOR ( CODIGO_AUTOR, CODIGO_LIVRO)
VALUES (16,14);

INSERT INTO LIVRO_AUTOR ( CODIGO_AUTOR, CODIGO_LIVRO)
VALUES (1,15);

INSERT INTO LIVRO_AUTOR ( CODIGO_AUTOR, CODIGO_LIVRO)
VALUES (3,16);

INSERT INTO LIVRO_AUTOR ( CODIGO_AUTOR, CODIGO_LIVRO)
VALUES (1,12);

INSERT INTO LIVRO_AUTOR ( CODIGO_AUTOR, CODIGO_LIVRO)
VALUES (4,10);

INSERT INTO LIVRO_AUTOR ( CODIGO_AUTOR, CODIGO_LIVRO)
VALUES (4,2);

INSERT INTO LIVRO_AUTOR ( CODIGO_AUTOR, CODIGO_LIVRO)
VALUES (11,16);
*/
-- ********** ITEM_VENDA ********** --

--INSERT INTO ITEM_VENDA (CODIGO_VENDA,CODIGO_LIVRO,VALOR,QUANTIDADE)


-- ********** FUNCIONARIO ********** --

INSERT INTO FUNCIONARIO (MATRICULA,NOME,GENERO,SALARIO,COMISSAO)
VALUES (001,'RICARDO FREITAS','M',800.00,0);

INSERT INTO FUNCIONARIO (MATRICULA,NOME,GENERO,SALARIO,COMISSAO)
VALUES (002,'HENRIQUE SILVA','M',950.00,0);

INSERT INTO FUNCIONARIO (MATRICULA,NOME,GENERO,SALARIO,COMISSAO)
VALUES (003,'ALEXANDRE MARQUES','M',1320.00,0);

INSERT INTO FUNCIONARIO (MATRICULA,NOME,GENERO,SALARIO,COMISSAO)
VALUES (004,'DANILO CALDAS','M',870.00,0);

INSERT INTO FUNCIONARIO (MATRICULA,NOME,GENERO,SALARIO,COMISSAO)
VALUES (005,'DANIEL COELHO','M',898.00,0);

INSERT INTO FUNCIONARIO (MATRICULA,NOME,GENERO,SALARIO,COMISSAO)
VALUES (006,'ALINE CARMONA','F',650.00,0);

INSERT INTO FUNCIONARIO (MATRICULA,NOME,GENERO,SALARIO,COMISSAO)
VALUES (007,'ANDRÉA SANTOS','F',980.00,0);

INSERT INTO FUNCIONARIO (MATRICULA,NOME,GENERO,SALARIO,COMISSAO)
VALUES (008,'MARIANA SILVA','F',1150.00,0);

INSERT INTO FUNCIONARIO (MATRICULA,NOME,GENERO,SALARIO,COMISSAO)
VALUES (009,'JOSEANE CASTRO','F',760.00,0);

INSERT INTO FUNCIONARIO (MATRICULA,NOME,GENERO,SALARIO,COMISSAO)
VALUES (010,'ADRIELLE SOUZA','F',2800.00,0);


-- **********  CLIENTES  ********** --

INSERT INTO CLIENTE (CPF,NOME,DATA_NASCIMENTO)
VALUES (12345,'CRISTOVÃO BORGES','1989/05/06');

INSERT INTO CLIENTE (CPF,NOME,DATA_NASCIMENTO)
VALUES (13245,'EDIFREDO ROCHA','1947/03/01');

INSERT INTO CLIENTE (CPF,NOME,DATA_NASCIMENTO)
VALUES (13425,'BENÍCIA SANTOS','1950/08/29');

INSERT INTO CLIENTE (CPF,NOME,DATA_NASCIMENTO)
VALUES (13452,'JOÃO CARVALHO','1969/06/22');

INSERT INTO CLIENTE (CPF,NOME,DATA_NASCIMENTO)
VALUES (54321,'CARITA AQUINO','1982/11/17');

INSERT INTO CLIENTE (CPF,NOME,DATA_NASCIMENTO)
VALUES (45321,'FERNANDA BEHRMANN','1975/12/01');

INSERT INTO CLIENTE (CPF,NOME,DATA_NASCIMENTO)
VALUES (43521,'ELBA OLIVEIRA','1970/06/10');

INSERT INTO CLIENTE (CPF,NOME,DATA_NASCIMENTO)
VALUES (43251,'BRUNA SAMPAIO','1990/10/10');

INSERT INTO CLIENTE (CPF,NOME,DATA_NASCIMENTO)
VALUES (43215,'SILVIO SALES','1980/02/10');

INSERT INTO CLIENTE (CPF,NOME,DATA_NASCIMENTO)
VALUES (00001,'PAULO SILVEIRA','1970/04/02');


-- ********** VENDA ********** --

INSERT INTO VENDA (CODIGO_VENDA, DATA,TOTAL,MATRICULA,CPF)
VALUES (1,'1991/09/10',1500.00,001,12345);

INSERT INTO VENDA (CODIGO_VENDA, DATA,TOTAL,MATRICULA,CPF)
VALUES (2,'1991/08/11',100.00,002,13245);

INSERT INTO VENDA (CODIGO_VENDA, DATA,TOTAL,MATRICULA,CPF)
VALUES (3,'1995/11/02',150,003,13425);

INSERT INTO VENDA (CODIGO_VENDA, DATA,TOTAL,MATRICULA,CPF)
VALUES (4,'2013/05/10',5000.00,004,13452);

INSERT INTO VENDA (CODIGO_VENDA, DATA,TOTAL,MATRICULA,CPF)
VALUES (5,'2001/10/01',500.00,005,54321);

INSERT INTO VENDA (CODIGO_VENDA, DATA,TOTAL,MATRICULA,CPF)
VALUES (6,'2005/02/10',980.00,006,45321);

INSERT INTO VENDA (CODIGO_VENDA, DATA,TOTAL,MATRICULA,CPF)
VALUES (7,'2005/11/12',199.00,007,43521);

INSERT INTO VENDA (CODIGO_VENDA, DATA,TOTAL,MATRICULA,CPF)
VALUES (8,'1999/12/17',432.00,008,43251);

INSERT INTO VENDA (CODIGO_VENDA, DATA,TOTAL,MATRICULA,CPF)
VALUES (9,'1991/10/29',256.00,009,12345);

INSERT INTO VENDA (CODIGO_VENDA, DATA,TOTAL,MATRICULA,CPF)
VALUES (10,'1995/10/12',70.00,010,12345);

INSERT INTO VENDA (CODIGO_VENDA, DATA,TOTAL,MATRICULA,CPF)
VALUES (11,'1995/10/12',70.00,010,12345);

INSERT INTO VENDA (CODIGO_VENDA, DATA,TOTAL,MATRICULA,CPF)
VALUES (12,'1995/10/12',70.00,010,12345);

